Dashboard Ninja with AI,Ksolves India Ltd.,$405.83
Shopify Odoo Connector,Emipro Technologies Pvt. Ltd.,$434.39
Simplify Access Management,Terabits Technolab,$397.97
Odoo WooCommerce Connector,Emipro Technologies Pvt. Ltd.,$434.39
Odoo Direct Print PRO,VentorTech,$216.65
Cloud Storage Solutions,faOtools,$266.73
Dashboard Ninja Advance,Ksolves India Ltd.,$568.05
Amazon Odoo Connector,Emipro Technologies Pvt. Ltd.,$543.26
Gantt View PRO (Enterprise),Bryntum AB,$968.94
Saudi Arabia e-invoice Phase 2 (Integration Phase),HMPRO,$1034.52
ODOO SAAS KIT ,Webkul Software Pvt. Ltd.,$699.00
IZI Dashboard with AI,IZI PT Solusi Usaha Mudah,$244.24
Point of Sale Retail Shop,Softhealer Technologies,$228.63
3CX CRM Template full integration,Nalios,$379.96
Advanced Property Sale & Rental Management ,TechKhedut Inc.,$225.00
Odoo Magento 2 Connector,Emipro Technologies Pvt. Ltd.,$434.39
Backend Payment Provider: Authorize.Net,Synconics Technologies Pvt. Ltd.,$391.93
ChatRoom BASE Whatsapp - Messenger - Instagram. Live Chat. Real All in One with ChatGPT OpenAI and Sale Funnels. Online translator.,AcruxLab,$98.70
Odoo Shopify Connector PRO,VentorTech,$543.26
Odoo WooCommerce Connector,Ksolves India Ltd.,$330.29
